JPegName,JPegStream,LinkID,LinkIDCategory,LinkIDProduct,LinkIDWorkOrder,Modified,Name,TiffName,TiffStream,Type,WMFName,WMFStream,ID,
,NULL,238VOQB8HBI10,,238IJQOYJXXF,238VOPSEPRUE,False,4[SW View],,NULL,7,,0x89504E470D0A1A0A0000000D4948445200000370000003E808060000009FDF1CF9000000017352474200AECE1CE90000000467414D410000B18F0BFC6105000000097048597300000EC300000EC301C76FA86400004F6A49444154785EEDDD3F88E5EB5DC771132FF9A32186A026A20641C118026E40C92882068B0C22648B80,a586fe4c-3b98-485c-b09f-06af22d5a344
,NULL,238VOQBAK3G10,,238IJQRNTWEF,238VOPSEPRUE,False,4[SW View],,NULL,7,,0x89504E470D0A1A0A0000000D49484452000003E80000024B0806000000745CBC10000000017352474200AECE1CE90000000467414D410000B18F0BFC6105000000097048597300000EC300000EC301C76FA8640000FFA549444154785EECDD5FAC6DD595E7F7FA63BBAAB1F14DD15C08988260D31051FC09C154A5A81B9186A6,d8392296-2a23-4247-ae52-06af22d604c3
,NULL,238VOQBBMPB10,,238IJQL6DS3F,238VOPSEPRUE,False,4[SW View],,NULL,7,,0x89504E470D0A1A0A0000000D4948445200000289000003E80806000000B208646A000000017352474200AECE1CE90000000467414D410000B18F0BFC6105000000097048597300000EC300000EC301C76FA86400003E1949444154785EEDDD4F88A5D95DFF7193984E4282444D24E290511949F04F9CA88B46051591F44A7B91,de52f0df-07ae-4b80-a44b-06af22d64a44
,NULL,238VOQBDPB710,,231CK7449HXF,238VOPSEPRUE,False,4[SW View],,NULL,7,,0x89504E470D0A1A0A0000000D49484452000003E8000002C10806000000CB778BAE000000017352474200AECE1CE90000000467414D410000B18F0BFC6105000000097048597300000EC300000EC301C76FA86400008D8049444154785EEDDD4F48DEEF9ADFF1D3CE9CD4893F448C1E9213B4E2045BC384D65AC83019C861B2C8,6d28eec3-abfc-4750-bc17-06af22d68c43
,NULL,238VOQBERY010,,231CK79J862F,238VOPSEPRUE,False,4[SW View],,NULL,7,,0x89504E470D0A1A0A0000000D49484452000001D4000003E8080600000067000F93000000017352474200AECE1CE90000000467414D410000B18F0BFC6105000000097048597300000EC300000EC301C76FA86400003FEE49444154785EEDDD4FA8B6795DC7F199D186D106AD694023FF644E8C0889069A815010A6A5A044326A,40ea1271-1045-44d9-9ae0-06af22d6d744
,NULL,238VOQBGUIW10,,238IJR8TVWXF,238VOPSEPRUE,False,4[SW View],,NULL,7,,0x89504E470D0A1A0A0000000D49484452000003E8000002460806000000C8C2AFCE000000017352474200AECE1CE90000000467414D410000B18F0BFC6105000000097048597300000EC300000EC301C76FA864000053D049444154785EEDDD2F8C9DDB7ADFF12B550A0E6B54D24BAA040614049654BAAC8626950A8D2AC3804A,b71d824a-d7fe-47cc-ad2a-06af22d74fc3
,NULL,238VOQBY7VA10,,238VOPG39M1F,238VOPSEPRUE,False,1[Elev View],,NULL,5,,0x89504E470D0A1A0A0000000D49484452000003E80000030808060000005BE7CF66000000017352474200AECE1CE90000000467414D410000B18F0BFC6105000000097048597300000EC300000EC301C76FA86400003D3949444154785EEDDD4D8C9CF57DC0F1EC8BBD7ED985C536D4BC1BD8D62640D6468029A56C431370C9A1,1e430f6f-2c58-4b8d-a5f9-06af22dad12f
,NULL,238VOQBY7FU10,,238VOPG39M1F,238VOPSEPRUE,False,2[Plan View],,NULL,1,,0x89504E470D0A1A0A0000000D49484452000003E80000021E0806000000281F2554000000017352474200AECE1CE90000000467414D410000B18F0BFC6105000000097048597300000EC300000EC301C76FA86400002F9D49444154785EEDDD4F8C9CE75DC071B2DE7536B66B6F13275DD35237AD43AD10600921B24271688B88,6dea783b-ab04-4115-9013-06af22dac62f
,NULL,238VOQBY7V910,,238VOPG39M1F,238VOPSEPRUE,False,3[Side View],,NULL,4,,0x89504E470D0A1A0A0000000D49484452000002D6000003E80806000000FA17B9AF000000017352474200AECE1CE90000000467414D410000B18F0BFC6105000000097048597300000EC300000EC301C76FA86400002DDB49444154785EEDDD4F6F1B8979C0E1445B6B9729BD6676B95973BBE52E1CE54F152459216DA2C30675,6c04999a-7002-43f2-a2c9-06af22dace2f
,NULL,238VOQBZ8F910,,238VOPG39M1F,238VOPSEPRUE,False,4[SW View],,NULL,7,,0x89504E470D0A1A0A0000000D4948445200000343000003E808060000001C1B25C2000000017352474200AECE1CE90000000467414D410000B18F0BFC6105000000097048597300000EC300000EC301C76FA8640000FFA549444154785EEC9D6BD05DD579DF8B64DD6FD1BD9240AA2EA022215109491442504118D5E616612914,20a23537-0feb-4f44-87e5-06af22dae9af
,NULL,238VOQCEQ5010,,238VOPPADW0F,238VOPSEPRUE,False,1[Elev View],,NULL,5,,0x89504E470D0A1A0A0000000D494844520000013F000003E80806000000A802F915000000017352474200AECE1CE90000000467414D410000B18F0BFC6105000000097048597300000EC300000EC301C76FA864000033EA49444154785EEDDD4D8C5DE579C0F1F8DBE30FFC814D1CEC6030C4041BB0F301580960D32A0A0D2589,a05c1da9-e238-4df7-8834-06af22ddee46
,NULL,238VOQCEOEK10,,238VOPPADW0F,238VOPSEPRUE,False,2[Plan View],,NULL,1,,0x89504E470D0A1A0A0000000D4948445200000383000003E8080600000064A42B63000000017352474200AECE1CE90000000467414D410000B18F0BFC6105000000097048597300000EC300000EC301C76FA8640000489749444154785EEDDD4F885DE779F8F1567FC7AA234F9B90C8711B2B768DE596149104572DC515781151,372a8014-f620-4dde-8ddf-06af22ddd045
,NULL,238VOQCEQ4Z10,,238VOPPADW0F,238VOPSEPRUE,False,3[Side View],,NULL,4,,0x89504E470D0A1A0A0000000D494844520000013E000003E8080600000047C0922B000000017352474200AECE1CE90000000467414D410000B18F0BFC6105000000097048597300000EC300000EC301C76FA864000022F849444154785EEDDD316C9CF77DFF7197AA29D39612DAA191B04A15C1651242451CB1802B0131502143,adca007c-b97f-41c6-a8d9-06af22dde345
,NULL,238VOQCFR5110,,238VOPPADW0F,238VOPSEPRUE,False,4[SW View],,NULL,7,,0x89504E470D0A1A0A0000000D4948445200000179000003E808060000003BA68EF2000000017352474200AECE1CE90000000467414D410000B18F0BFC6105000000097048597300000EC300000EC301C76FA8640000FFA549444154785EECDD5BF03CD5B9FF757320D9100139CB59CE86A31C027208082460428826818D811025,c0487f1f-7e9d-4000-b1b8-06af22de1144
,NULL,238VOQCHU0210,,238VMH164Z5F,238VOPSEPRUE,False,4[SW View],,NULL,7,,0x89504E470D0A1A0A0000000D4948445200000397000003E808060000004AE10AF1000000017352474200AECE1CE90000000467414D410000B18F0BFC6105000000097048597300000EC300000EC301C76FA8640000E01D49444154785EECDD5FEC7D595DDF7F6786F932DF997128304091F14BF923D429A85301D18E52C5C858,616279ca-569c-496f-8709-06af22de77cd
,NULL,238VOQCR5V810,,238IN5IF9KNF,238VOPSEPRUE,False,1[Elev View],,NULL,5,,0x89504E470D0A1A0A0000000D4948445200000302000003E808060000006D63495C000000017352474200AECE1CE90000000467414D410000B18F0BFC6105000000097048597300000EC300000EC301C76FA8640000476949444154785EEDDD5F8C5E759DF871DB69A79DB6B4E54F61A08095B2B4A0D04A141B254E95558A26B6,cd9e489b-ee47-4ee2-a15a-06af22e057c3
,NULL,238VOQCQ56110,,238IN5IF9KNF,238VOPSEPRUE,False,2[Plan View],,NULL,1,,0x89504E470D0A1A0A0000000D49484452000003C4000003E8080600000018C237BA000000017352474200AECE1CE90000000467414D410000B18F0BFC6105000000097048597300000EC300000EC301C76FA8640000509349444154785EEDDD4DA85CF779F8F14A8A65BDD8F2ADADA48A95C4B2632597C42F57C6752FC1C44E0A,c717805b-56d3-401d-9df9-06af22e04bfb
,NULL,238VOQCR5V910,,238IN5IF9KNF,238VOPSEPRUE,False,3[Side View],,NULL,4,,0x89504E470D0A1A0A0000000D49484452000002D6000003E80806000000FA17B9AF000000017352474200AECE1CE90000000467414D410000B18F0BFC6105000000097048597300000EC300000EC301C76FA86400002FC349444154785EEDDDC16F9B8779F8F1559915AB536236511A33CB14C355D74E5B570BED161D3C4C5B81,7469fb63-59fd-4f34-beaa-06af22e05845
,NULL,238VOQCR6EK10,,238IN5IF9KNF,238VOPSEPRUE,False,4[SW View],,NULL,7,,0x89504E470D0A1A0A0000000D49484452000002DB000003E808060000000FE9321F000000017352474200AECE1CE90000000467414D410000B18F0BFC6105000000097048597300000EC300000EC301C76FA8640000FFA549444154785EECDD5BB07CC595E7778BFBA50173377773FD1BD01FFC070416E262A0054620DCB44163,2538d281-024f-479a-be1c-06af22e070c5
,NULL,238VOQCT90E10,,238VMGYOSFAF,238VOPSEPRUE,False,4[SW View],,NULL,7,,0x89504E470D0A1A0A0000000D494844520000012A000003E808060000006985B3B9000000017352474200AECE1CE90000000467414D410000B18F0BFC6105000000097048597300000EC300000EC301C76FA86400001D2549444154785EEDDD3F8C6C75FDC671A030A246D1A06062540CCA9F8440610C8509362674521988D198,ca2dbc39-2179-45f6-85af-06af22e0ba46
,NULL,238VOQCUBMA10,,231CK73HD4GF,238VOPSEPRUE,False,4[SW View],,NULL,7,,0x89504E470D0A1A0A0000000D49484452000003E8000002C10806000000CB778BAE000000017352474200AECE1CE90000000467414D410000B18F0BFC6105000000097048597300000EC300000EC301C76FA86400008D8049444154785EEDDD4F48DEEF9ADFF1D3CE9CD4893F448C1E9213B4E2045BC384D65AC83019C861B2C8,c0071a71-636f-4332-ad59-06af22e0f747
,NULL,238VOQCVE8610,,231CK6Y56O2F,238VOPSEPRUE,False,4[SW View],,NULL,7,,0x89504E470D0A1A0A0000000D49484452000003E8000002CC080600000077E99870000000017352474200AECE1CE90000000467414D410000B18F0BFC6105000000097048597300000EC300000EC301C76FA8640000902A49444154785EEDDD4FA85DE7BF17FE8B3F0D8939C6128F37B758CB8DC41BE9A058BD1591E0F74AD038,c56a4e4e-3063-4933-ab18-06af22e13347
,NULL,238VOQCWGU210,,231CK6YS31EF,238VOPSEPRUE,False,4[SW View],,NULL,7,,0x89504E470D0A1A0A0000000D49484452000003E8000002CC080600000077E99870000000017352474200AECE1CE90000000467414D410000B18F0BFC6105000000097048597300000EC300000EC301C76FA86400008D7E49444154785EEDDD3F689DDB9EDFFFF943CEF8A013476804BA661CCD8808140CD78C088629447C890A,a2b6e125-f872-4a8e-add1-06af22e17748
,NULL,238VOQCYJFY10,,231CK6XHAASF,238VOPSEPRUE,False,4[SW View],,NULL,7,,0x89504E470D0A1A0A0000000D49484452000003E8000002CC080600000077E99870000000017352474200AECE1CE90000000467414D410000B18F0BFC6105000000097048597300000EC300000EC301C76FA8640000902A49444154785EEDDD4FA85DE7BF17FE8B3F0D8939C6128F37B758CB8DC41BE9A058BD1591E0F74AD038,f612e0bd-384d-4edd-9495-06af22e1bd1a
,NULL,238VOQCZM1U10,,231CK6VZHJGF,238VOPSEPRUE,False,4[SW View],,NULL,7,,0x89504E470D0A1A0A0000000D49484452000003E8000002CC080600000077E99870000000017352474200AECE1CE90000000467414D410000B18F0BFC6105000000097048597300000EC300000EC301C76FA86400008D7E49444154785EEDDD3F689DDB9EDFFFF943CEF8A013476804BA661CCD8808140CD78C088629447C890A,a162ed38-8def-493f-a90a-06af22e1f89c
,NULL,238VOQD0OON10,,231CK6WQDWRF,238VOPSEPRUE,False,4[SW View],,NULL,7,,0x89504E470D0A1A0A0000000D49484452000003E80000030408060000002C250F1D000000017352474200AECE1CE90000000467414D410000B18F0BFC6105000000097048597300000EC300000EC301C76FA8640000B63249444154785EECDD5F6CD5D7BDE7FDE90CAE393609106C022140F893748AA08CE502275164D2A01067,7f49d2a4-e042-46ad-95db-06af22e23d9b
,NULL,238VOQD2RAJ10,,231CK6ZGYW9F,238VOPSEPRUE,False,4[SW View],,NULL,7,,0x89504E470D0A1A0A0000000D49484452000003E8000002CC080600000077E99870000000017352474200AECE1CE90000000467414D410000B18F0BFC6105000000097048597300000EC300000EC301C76FA86400008D7E49444154785EEDDD3F689DDB9EDFFFF943CEF8A013476804BA661CCD8808140CD78C088629447C890A,456b4e09-6255-4efa-8b34-06af22e27e1e
,NULL,238VOQD3TWE10,,231CK726KDQF,238VOPSEPRUE,False,4[SW View],,NULL,7,,0x89504E470D0A1A0A0000000D49484452000003E8000002C208060000004DE3F900000000017352474200AECE1CE90000000467414D410000B18F0BFC6105000000097048597300000EC300000EC301C76FA86400007C8C49444154785EEDDD4F889DEB9A16EED33F9A63B49A50C48DE948283BB83512216DA90195600E64701C,cc51bb3b-a43e-4962-b235-06af22e2bd9f
,NULL,238VOQD4WI910,,231CK72TGR2F,238VOPSEPRUE,False,4[SW View],,NULL,7,,0x89504E470D0A1A0A0000000D49484452000003E8000002C208060000004DE3F900000000017352474200AECE1CE90000000467414D410000B18F0BFC6105000000097048597300000EC300000EC301C76FA86400007C8C49444154785EEDDD4F889DEB9A16EED33F9A63B49A50C48DE948283BB83512216DA90195600E64701C,6be06c00-2391-4519-8a20-06af22e2fcf1
,NULL,238VOQD6Z4510,,231CK71IO04F,238VOPSEPRUE,False,4[SW View],,NULL,7,,0x89504E470D0A1A0A0000000D49484452000003E8000002C408060000009BBA1A1D000000017352474200AECE1CE90000000467414D410000B18F0BFC6105000000097048597300000EC300000EC301C76FA86400007F0B49444154785EEDDD3FA876597B17FE342AE24F8D5193A02644902042824A449168443108168EDD984A,169120d5-cab2-4e82-a136-06af22e33cf1
,NULL,238VOQD728810,,231CK704V9DF,238VOPSEPRUE,False,4[SW View],,NULL,7,,0x89504E470D0A1A0A0000000D49484452000003E8000002CC080600000077E99870000000017352474200AECE1CE90000000467414D410000B18F0BFC6105000000097048597300000EC300000EC301C76FA86400008D7E49444154785EEDDD3F689DDB9EDFFFF943CEF8A013476804BA661CCD8808140CD78C088629447C890A,4a5fce0e-5008-46f2-9909-06af22e37bf1
,NULL,238VOQD84U410,,231CK70RRMKF,238VOPSEPRUE,False,4[SW View],,NULL,7,,0x89504E470D0A1A0A0000000D49484452000003E8000002C408060000009BBA1A1D000000017352474200AECE1CE90000000467414D410000B18F0BFC6105000000097048597300000EC300000EC301C76FA86400007F0B49444154785EEDDD3FA876597B17FE342AE24F8D5193A02644902042824A449168443108168EDD984A,a9d80d68-b5dc-41f6-8b45-06af22e3bb71
