Index,LinkIDChild,LinkIDParent,LinkIDWorkOrder,ID,
1,238VOQPW35210,238VOR4ELBY10,238VOPSEPRUE,799f678e-3db6-4bca-8018-06af23a553ee
1,238VOQPW35110,238VOR4ELBX10,238VOPSEPRUE,3e4b58c7-ce49-4241-9408-06af23a553ee
1,238VOQPW35410,238VOR4ELC110,238VOPSEPRUE,9a127059-0012-44d6-8969-06af23a553ee
1,238VOQPW35310,238VOR4ELBZ10,238VOPSEPRUE,4bdb8474-b466-4d2d-8582-06af23a553ee
1,238VOQPW35010,238VOR4ELBV10,238VOPSEPRUE,89518419-1377-47a6-90ce-06af23a553ee
1,238VOQPV34T10,238VOR4ELAY10,238VOPSEPRUE,8fbcc501-5234-4b16-ba7c-06af23a553ee
1,238VOQPV34S10,238VOR4ELAX10,238VOPSEPRUE,06188577-0e4a-4397-9576-06af23a553ee
1,238VOQPW34Y10,238VOR4ELB810,238VOPSEPRUE,6752c76c-b8e4-4d6d-9490-06af23a553ee
1,238VOQPW34Z10,238VOR4ELB710,238VOPSEPRUE,cf30d22c-1ecf-4fba-8c6a-06af23a553ee
1,238VOQPW34X10,238VOR4ELB610,238VOPSEPRUE,e56b82ea-6332-404c-b7bf-06af23a553ee
1,238VOQPV34U10,238VOR4ELB210,238VOPSEPRUE,934cb9c7-05d5-4ede-9841-06af23a5546e
1,238VOQPV34V10,238VOR4ELB110,238VOPSEPRUE,59ea2500-3e2f-46da-a985-06af23a5546e
1,238VOQPW34W10,238VOR4ELB510,238VOPSEPRUE,bd6ec69e-ad34-4a29-88f6-06af23a5546e
2,238VOR2OCAO10,238VOR4ELBL10,238VOPSEPRUE,48391f52-1dfa-4c01-a3a8-06af23a5546e
2,238VOR2OCBE10,238VOR4ELBK10,238VOPSEPRUE,07aa089f-1dc9-413a-b7c1-06af23a5546e
2,238VOR2OCBH10,238VOR4ELBJ10,238VOPSEPRUE,409b4c84-08c9-4cb9-a10e-06af23a5546e
2,238VOR2OCBT10,238VOR4ELBO10,238VOPSEPRUE,b1f96085-e1b4-4afe-b564-06af23a5546e
2,238VOR2OCBN10,238VOR4ELBN10,238VOPSEPRUE,16aa2848-b127-426a-b10e-06af23a5546e
2,238VOR2OCBK10,238VOR4ELBM10,238VOPSEPRUE,73ba7f01-3289-4a76-8545-06af23a5546e
2,238VOR2OCB610,238VOR4ELBF10,238VOPSEPRUE,928b11e1-5421-4957-b567-06af23a5546e
2,238VOR2OCB910,238VOR4ELBE10,238VOPSEPRUE,3e5293c8-1422-4cc8-9e3b-06af23a5546e
2,238VOR2OCB310,238VOR4ELBD10,238VOPSEPRUE,9c655243-2cc0-4af5-b35e-06af23a5546e
2,238VOR2OCAX10,238VOR4ELBI10,238VOPSEPRUE,af86f199-6c1d-4271-935a-06af23a5546e
2,238VOR2OCAR10,238VOR4ELBH10,238VOPSEPRUE,94d345b6-8356-4c39-bca0-06af23a5546e
2,238VOR2OCAU10,238VOR4ELBG10,238VOPSEPRUE,682e9ce9-80b1-4a41-ac38-06af23a5546e
2,238VOR2OCBW10,238VOR4ELBP10,238VOPSEPRUE,58899154-d433-4fd9-a40b-06af23a5546e
2,238VOR2OCCF10,238VOR4ELBY10,238VOPSEPRUE,63ec7656-c865-4986-b65b-06af23a5546e
2,238VOR2OCC710,238VOR4ELBX10,238VOPSEPRUE,8554da9e-cd85-4c49-b6d8-06af23a5546e
2,238VOR2PCDS10,238VOR4ELBW10,238VOPSEPRUE,5d66a751-c550-4640-8032-06af23a5546e
2,238VOR2OCAI10,238VOR4ELC110,238VOPSEPRUE,b6e867af-145b-4ed9-8ed9-06af23a5546e
2,238VOR2PCE010,238VOR4ELC010,238VOPSEPRUE,83a88145-f00b-4d5a-81f6-06af23a5546e
2,238VOR2OCCA10,238VOR4ELBZ10,238VOPSEPRUE,3f5feefe-4cf3-40ea-b73e-06af23a5546e
2,238VOR2PCE310,238VOR4ELBS10,238VOPSEPRUE,5dad8302-ab83-456c-accb-06af23a5546e
2,238VOR2PCE610,238VOR4ELBR10,238VOPSEPRUE,df9f0a19-c440-41c9-840b-06af23a5546e
2,238VOR2OCBQ10,238VOR4ELBQ10,238VOPSEPRUE,b07f3b2d-98c7-41b4-9aa9-06af23a5546e
2,238VOR2PCDP10,238VOR4ELBV10,238VOPSEPRUE,61f46653-4394-497d-9adf-06af23a5546e
2,238VOR2PCEC10,238VOR4ELBU10,238VOPSEPRUE,b72fecfc-778e-4965-876b-06af23a5546e
2,238VOR2PCE910,238VOR4ELBT10,238VOPSEPRUE,a263faec-691b-48d9-b39d-06af23a5546e
2,238VOR2OCB010,238VOR4ELBC10,238VOPSEPRUE,74dabf08-b7d6-4d0c-ad9f-06af23a5546e
2,238VOR2PCD510,238VOR4ELAV10,238VOPSEPRUE,156bd746-edaa-445b-89b9-06af23a5546e
2,238VOR2PCEK10,238VOR4ELAU10,238VOPSEPRUE,0a1c3624-ab4c-46c1-b024-06af23a5546e
2,238VOR2PCEH10,238VOR4ELAT10,238VOPSEPRUE,b8f2b86a-0f8c-4431-a4e0-06af23a5546e
2,238VOR2PCDV10,238VOR4ELAY10,238VOPSEPRUE,c3d0f53b-5c18-4b85-8fd5-06af23a5546e
2,238VOR2PCD210,238VOR4ELAX10,238VOPSEPRUE,5e7d03b7-1dde-4bda-9f6d-06af23a5546e
2,238VOR2PCDG10,238VOR4ELAW10,238VOPSEPRUE,cddb392d-c38f-4bd5-9291-06af23a5546e
2,238VOR2PCEN10,238VOR4ELAS10,238VOPSEPRUE,bc8e395d-7f16-44af-97fa-06af23a5546e
2,238VOR2PCCL10,238VOR4ELAZ10,238VOPSEPRUE,c7c8f899-b63e-4712-a13a-06af23a5546e
2,238VOR2OCCI10,238VOR4ELB810,238VOPSEPRUE,8fcf87a1-edbe-4e28-b487-06af23a5546e
2,238VOR2PCCZ10,238VOR4ELB710,238VOPSEPRUE,2a1b741b-6f04-413b-8286-06af23a5546e
2,238VOR2PCDJ10,238VOR4ELB610,238VOPSEPRUE,59d73272-36ca-4906-8202-06af23a5546e
2,238VOR2OCBZ10,238VOR4ELBB10,238VOPSEPRUE,ba2649cd-7784-4294-995a-06af23a5546e
2,238VOR2OCC210,238VOR4ELBA10,238VOPSEPRUE,d0ceb245-c16a-42a5-b082-06af23a5546e
2,238VOR2OCAL10,238VOR4ELB910,238VOPSEPRUE,8c54fcf8-d3f3-40d1-a698-06af23a5546e
2,238VOR2PCDB10,238VOR4ELB210,238VOPSEPRUE,47ba9766-b37f-4636-9bc7-06af23a5546e
2,238VOR2PCDM10,238VOR4ELB110,238VOPSEPRUE,2556a575-41b8-4f3a-98a5-06af23a5546e
2,238VOR2PCCR10,238VOR4ELB010,238VOPSEPRUE,4616f20f-6217-418e-8372-06af23a5546e
2,238VOR2PCD810,238VOR4ELB510,238VOPSEPRUE,814c5c42-29f8-4be6-a59a-06af23a5546e
2,238VOR2PCCO10,238VOR4ELB410,238VOPSEPRUE,0ccf7a11-bcb6-4f22-b715-06af23a5546e
2,238VOR2PCCU10,238VOR4ELB310,238VOPSEPRUE,21692d62-99dd-4bb8-9613-06af23a5546e
4,238VOQRG95710,238VOR4ELBL10,238VOPSEPRUE,4d1543fa-999d-44dc-bde3-06af23a5546e
4,238VOQRF94Z10,238VOR4ELBK10,238VOPSEPRUE,cf3e64d2-97e1-42d9-ae23-06af23a5546e
4,238VOQRF94H10,238VOR4ELBJ10,238VOPSEPRUE,ba49528b-a2a5-4df7-af09-06af23a5546e
4,238VOQRG95I10,238VOR4ELBO10,238VOPSEPRUE,e1fb9ed1-db4a-4906-8fef-06af23a5546e
4,238VOQRG95D10,238VOR4ELBN10,238VOPSEPRUE,256a274e-9f92-4224-a8d9-06af23a5546e
4,238VOQRG95C10,238VOR4ELBM10,238VOPSEPRUE,a4e6c536-6c67-44b8-9a64-06af23a5546e
4,238VOQRF93U10,238VOR4ELBF10,238VOPSEPRUE,5592b107-d10c-4352-a71a-06af23a5546e
4,238VOQRF93W10,238VOR4ELBE10,238VOPSEPRUE,03478ce7-fcf2-43a4-8031-06af23a5546e
4,238VOQRF93X10,238VOR4ELBD10,238VOPSEPRUE,8897e1fd-855c-4a75-9486-06af23a5546e
4,238VOQRF94K10,238VOR4ELBI10,238VOPSEPRUE,e0258463-65f7-447d-9197-06af23a5546e
4,238VOQRF94I10,238VOR4ELBH10,238VOPSEPRUE,397f69f6-ef65-4b10-8798-06af23a5546e
4,238VOQRF94J10,238VOR4ELBG10,238VOPSEPRUE,9711118a-72e4-4cb9-bd2e-06af23a5546e
4,238VOQRG95M10,238VOR4ELBP10,238VOPSEPRUE,e24b8153-d5dd-4c56-8469-06af23a5546e
4,238VOQRG95V10,238VOR4ELBY10,238VOPSEPRUE,ab94b751-31e7-40a5-bc4e-06af23a5546e
4,238VOQRG95U10,238VOR4ELBX10,238VOPSEPRUE,e1cae46b-2af9-43b1-b7ac-06af23a5546e
4,238VOQRG95T10,238VOR4ELBW10,238VOPSEPRUE,dd00083a-1c89-49ca-8d77-06af23a5546e
4,238VOQRG95Y10,238VOR4ELC110,238VOPSEPRUE,cd5aa202-9ad4-4a7d-82ea-06af23a5546e
4,238VOQRG95X10,238VOR4ELC010,238VOPSEPRUE,3b9f5c83-fdaf-4af9-a01b-06af23a5546e
4,238VOQRG95W10,238VOR4ELBZ10,238VOPSEPRUE,fdf129fe-030f-429b-af83-06af23a5546e
4,238VOQRG95Q10,238VOR4ELBS10,238VOPSEPRUE,20764753-180e-4bca-a9f8-06af23a5546e
4,238VOQRG95R10,238VOR4ELBR10,238VOPSEPRUE,b2c7ca1c-c455-4f39-a4e7-06af23a5546e
4,238VOQRG95N10,238VOR4ELBQ10,238VOPSEPRUE,d27b0e15-962c-402c-8637-06af23a5546e
4,238VOQRG95S10,238VOR4ELBV10,238VOPSEPRUE,8ff487ac-fb39-4b10-92c0-06af23a5546e
4,238VOQRG95P10,238VOR4ELBU10,238VOPSEPRUE,d2937a21-16b4-42ba-9b9e-06af23a5546e
4,238VOQRG95O10,238VOR4ELBT10,238VOPSEPRUE,d7994c72-b5a7-42cc-9c0f-06af23a5546e
4,238VOQRF93V10,238VOR4ELBC10,238VOPSEPRUE,5eefab02-f7f1-420d-a371-06af23a5546e
4,238VOQRE93C10,238VOR4ELAV10,238VOPSEPRUE,f4af8c24-98c1-4513-a868-06af23a5546e
4,238VOQRE93D10,238VOR4ELAU10,238VOPSEPRUE,33921ad9-2b42-4306-9855-06af23a5546e
4,238VOQRE93A10,238VOR4ELAT10,238VOPSEPRUE,0954e383-5fe6-4fe8-936e-06af23a5546e
4,238VOQRE93F10,238VOR4ELAY10,238VOPSEPRUE,a5ff89de-bc4b-4a35-ae2b-06af23a5546e
4,238VOQRE93E10,238VOR4ELAX10,238VOPSEPRUE,885cadc1-6dfa-4bc3-9a73-06af23a5546e
4,238VOQRE93B10,238VOR4ELAW10,238VOPSEPRUE,023c7568-399d-4943-a5b3-06af23a5546e
4,238VOQRE93910,238VOR4ELAS10,238VOPSEPRUE,d488adf2-ee6e-48c2-984c-06af23a5546e
4,238VOQRE93G10,238VOR4ELAZ10,238VOPSEPRUE,8e9825c8-ef1a-4ca9-8187-06af23a5546e
4,238VOQRE93P10,238VOR4ELB810,238VOPSEPRUE,a4efc4f9-3230-4944-92ea-06af23a5546e
4,238VOQRE93O10,238VOR4ELB710,238VOPSEPRUE,78e2d225-2030-4419-8630-06af23a5546e
4,238VOQRE93M10,238VOR4ELB610,238VOPSEPRUE,7a33dc36-741e-47d4-babc-06af23a5546e
4,238VOQRF93T10,238VOR4ELBB10,238VOPSEPRUE,9dc3f7e8-ac1b-4f3c-8f88-06af23a5546e
4,238VOQRF93S10,238VOR4ELBA10,238VOPSEPRUE,be3d414a-1f2c-4d8f-999e-06af23a5546e
4,238VOQRF93R10,238VOR4ELB910,238VOPSEPRUE,8b768bdd-ee3b-48f5-b1ba-06af23a5546e
4,238VOQRE93J10,238VOR4ELB210,238VOPSEPRUE,6c835f96-40b3-4f28-bc82-06af23a5546e
4,238VOQRE93I10,238VOR4ELB110,238VOPSEPRUE,bde51714-1d01-430b-9549-06af23a5546e
4,238VOQRE93H10,238VOR4ELB010,238VOPSEPRUE,17a68216-3c09-49c0-b0d7-06af23a5546e
4,238VOQRE93N10,238VOR4ELB510,238VOPSEPRUE,4c2064f4-f10f-4aec-8c72-06af23a5546e
4,238VOQRE93K10,238VOR4ELB410,238VOPSEPRUE,f88543bb-3411-4823-a6d6-06af23a5546e
4,238VOQRE93L10,238VOR4ELB310,238VOPSEPRUE,4762d887-baf1-498e-8446-06af23a5546e
